{"cameraMode":{"drawMode":0,"name":"Shaded","section":"Shading Mode"},"sceneLighting":false,"audioPlay":false,"sceneViewState":{"m_AlwaysRefresh":false,"showFog":true,"showSkybox":false,"showFlares":true,"showImageEffects":true,"showParticleSystems":true,"showVisualEffectGraphs":true,"m_FxEnabled":true},"in2DMode":false,"pivot":{"x":-6.526547431945801,"y":-0.039999961853027347,"z":-21.66067886352539},"rotation":{"x":-0.07882629334926605,"y":0.9156904220581055,"z":-0.32681310176849368,"w":-0.22088433802127839},"size":5.872658729553223,"orthographic":false}