{"cameraMode":{"drawMode":0,"name":"Shaded","section":"Shading Mode"},"sceneLighting":false,"audioPlay":false,"sceneViewState":{"m_AlwaysRefresh":false,"showFog":true,"showSkybox":true,"showFlares":true,"showImageEffects":true,"showParticleSystems":true,"showVisualEffectGraphs":true,"m_FxEnabled":true},"in2DMode":false,"pivot":{"x":-0.009519249200820923,"y":-0.15767395496368409,"z":-0.1204095184803009},"rotation":{"x":0.18343859910964967,"y":0.4052712023258209,"z":-0.08325661718845368,"w":0.8918711543083191},"size":0.7080963850021362,"orthographic":false}