{"cameraMode":{"drawMode":0,"name":"Shaded","section":"Shading Mode"},"sceneLighting":true,"audioPlay":false,"sceneViewState":{"m_AlwaysRefresh":false,"showFog":true,"showSkybox":false,"showFlares":true,"showImageEffects":true,"showParticleSystems":true,"showVisualEffectGraphs":true,"m_FxEnabled":true},"in2DMode":false,"pivot":{"x":-0.22397452592849732,"y":-0.3650813102722168,"z":0.1541835367679596},"rotation":{"x":0.2834303677082062,"y":-0.38828426599502566,"z":0.12741030752658845,"w":0.8681754469871521},"size":0.7638148665428162,"orthographic":false}