{"cameraMode":{"drawMode":0,"name":"Shaded","section":"Shading Mode"},"sceneLighting":false,"audioPlay":false,"sceneViewState":{"m_AlwaysRefresh":false,"showFog":true,"showSkybox":false,"showFlares":true,"showImageEffects":true,"showParticleSystems":true,"showVisualEffectGraphs":true,"m_FxEnabled":true},"in2DMode":false,"pivot":{"x":-0.1266617774963379,"y":2.5917534828186037,"z":-20.12803077697754},"rotation":{"x":-0.07882629334926605,"y":0.9156904220581055,"z":-0.32681310176849368,"w":-0.22088433802127839},"size":11.934112548828125,"orthographic":false}