{"cameraMode":{"drawMode":0,"name":"Shaded","section":"Shading Mode"},"sceneLighting":false,"audioPlay":false,"sceneViewState":{"m_AlwaysRefresh":false,"showFog":true,"showSkybox":false,"showFlares":true,"showImageEffects":true,"showParticleSystems":true,"showVisualEffectGraphs":true,"m_FxEnabled":true},"in2DMode":false,"pivot":{"x":0.3399500250816345,"y":0.015257775783538819,"z":0.14794349670410157},"rotation":{"x":0.3142895996570587,"y":-0.03557325899600983,"z":0.012658623047173024,"w":0.9491051435470581},"size":0.730950117111206,"orthographic":false}