{"cameraMode":{"drawMode":0,"name":"Shaded","section":"Shading Mode"},"sceneLighting":false,"audioPlay":false,"sceneViewState":{"m_AlwaysRefresh":false,"showFog":true,"showSkybox":false,"showFlares":true,"showImageEffects":true,"showParticleSystems":true,"showVisualEffectGraphs":true,"m_FxEnabled":true},"in2DMode":false,"pivot":{"x":-0.17680442333221436,"y":-1.1693888902664185,"z":1.587721586227417},"rotation":{"x":0.29739195108413699,"y":0.008107536472380162,"z":-0.0017666624626144767,"w":0.9552400708198547},"size":1.8838435411453248,"orthographic":false}