{"cameraMode":{"drawMode":0,"name":"Shaded","section":"Shading Mode"},"sceneLighting":false,"audioPlay":false,"sceneViewState":{"m_AlwaysRefresh":false,"showFog":true,"showSkybox":false,"showFlares":true,"showImageEffects":true,"showParticleSystems":true,"showVisualEffectGraphs":true,"m_FxEnabled":true},"in2DMode":false,"pivot":{"x":0.10656964778900147,"y":0.33837607502937319,"z":-0.050884366035461429},"rotation":{"x":0.18363337218761445,"y":-0.29446476697921755,"z":0.0584125854074955,"w":0.9365912079811096},"size":0.561825156211853,"orthographic":false}