{"cameraMode":{"drawMode":0,"name":"Shaded","section":"Shading Mode"},"sceneLighting":false,"audioPlay":false,"sceneViewState":{"m_AlwaysRefresh":false,"showFog":true,"showSkybox":false,"showFlares":true,"showImageEffects":true,"showParticleSystems":true,"showVisualEffectGraphs":true,"m_FxEnabled":true},"in2DMode":false,"pivot":{"x":14.556567192077637,"y":-0.27340173721313479,"z":-3.8511428833007814},"rotation":{"x":-0.07882629334926605,"y":0.9156904220581055,"z":-0.32681310176849368,"w":-0.22088433802127839},"size":11.26180362701416,"orthographic":false}