{"cameraMode":{"drawMode":0,"name":"Shaded","section":"Shading Mode"},"sceneLighting":false,"audioPlay":false,"sceneViewState":{"m_AlwaysRefresh":false,"showFog":true,"showSkybox":false,"showFlares":true,"showImageEffects":true,"showParticleSystems":true,"showVisualEffectGraphs":true,"m_FxEnabled":true},"in2DMode":false,"pivot":{"x":-3.8354320526123049,"y":6.1357526779174809,"z":-0.7778983116149902},"rotation":{"x":-0.005100322887301445,"y":0.9797835946083069,"z":-0.19841766357421876,"w":-0.0251852385699749},"size":6.166304111480713,"orthographic":false}