{"cameraMode":{"drawMode":0,"name":"Shaded","section":"Shading Mode"},"sceneLighting":false,"audioPlay":false,"sceneViewState":{"m_AlwaysRefresh":false,"showFog":true,"showSkybox":false,"showFlares":true,"showImageEffects":true,"showParticleSystems":true,"showVisualEffectGraphs":true,"m_FxEnabled":true},"in2DMode":false,"pivot":{"x":-6.2392449378967289,"y":2.3388266563415529,"z":-43.293426513671878},"rotation":{"x":-0.07882629334926605,"y":0.9156904220581055,"z":-0.32681310176849368,"w":-0.22088433802127839},"size":6.2752838134765629,"orthographic":false}