{"cameraMode":{"drawMode":0,"name":"Shaded","section":"Shading Mode"},"sceneLighting":false,"audioPlay":false,"sceneViewState":{"m_AlwaysRefresh":false,"showFog":true,"showSkybox":false,"showFlares":true,"showImageEffects":true,"showParticleSystems":true,"showVisualEffectGraphs":true,"m_FxEnabled":true},"in2DMode":false,"pivot":{"x":-0.05459189414978027,"y":-0.3385279178619385,"z":-0.4038543105125427},"rotation":{"x":-0.19041955471038819,"y":-0.7780994772911072,"z":0.2793824374675751,"w":-0.5298656225204468},"size":1.6038315296173096,"orthographic":false}